Row,X1,Y1,X2,Y2,Distance
1,579,392,617,417,10.589661062055484
2,554,365,588,340,9.82502749673776
3,163,236,190,219,7.428065142519793
4,350,191,370,207,5.962847939999438
